rewire_id,label_pred
sexism2022_english-10731,2. derogation
sexism2022_english-7356,3. animosity
sexism2022_english-13064,4. prejudiced discussions
sexism2022_english-17039,2. derogation
sexism2022_english-14482,2. derogation
sexism2022_english-4534,4. prejudiced discussions
sexism2022_english-16548,2. derogation
sexism2022_english-19332,2. derogation
sexism2022_english-8173,3. animosity
sexism2022_english-18056,2. derogation
sexism2022_english-19528,"1. threats, plans to harm and incitement"
sexism2022_english-13452,"1. threats, plans to harm and incitement"
sexism2022_english-7156,3. animosity
sexism2022_english-13880,2. derogation
sexism2022_english-7266,3. animosity
sexism2022_english-5073,2. derogation
sexism2022_english-2412,2. derogation
sexism2022_english-19933,3. animosity
sexism2022_english-15876,2. derogation
sexism2022_english-11821,2. derogation
sexism2022_english-16870,4. prejudiced discussions
sexism2022_english-18872,3. animosity
sexism2022_english-15076,2. derogation
sexism2022_english-1736,2. derogation
sexism2022_english-3791,2. derogation
sexism2022_english-5206,2. derogation
sexism2022_english-13678,2. derogation
sexism2022_english-2115,2. derogation
sexism2022_english-15999,2. derogation
sexism2022_english-3267,3. animosity
sexism2022_english-18079,2. derogation
sexism2022_english-6014,2. derogation
sexism2022_english-15730,4. prejudiced discussions
sexism2022_english-17495,3. animosity
sexism2022_english-13970,2. derogation
sexism2022_english-10369,2. derogation
sexism2022_english-1868,3. animosity
sexism2022_english-10155,2. derogation
sexism2022_english-9835,3. animosity
sexism2022_english-14485,2. derogation
sexism2022_english-15195,3. animosity
sexism2022_english-17171,2. derogation
sexism2022_english-3316,2. derogation
sexism2022_english-8426,2. derogation
sexism2022_english-8451,2. derogation
sexism2022_english-2217,3. animosity
sexism2022_english-12298,2. derogation
sexism2022_english-18766,2. derogation
sexism2022_english-8340,"1. threats, plans to harm and incitement"
sexism2022_english-6173,3. animosity
sexism2022_english-19442,2. derogation
sexism2022_english-4717,2. derogation
sexism2022_english-1938,2. derogation
sexism2022_english-6033,2. derogation
sexism2022_english-431,4. prejudiced discussions
sexism2022_english-6107,4. prejudiced discussions
sexism2022_english-10341,2. derogation
sexism2022_english-16708,2. derogation
sexism2022_english-3853,2. derogation
sexism2022_english-4221,2. derogation
sexism2022_english-3131,2. derogation
sexism2022_english-7359,2. derogation
sexism2022_english-5864,4. prejudiced discussions
sexism2022_english-10176,2. derogation
sexism2022_english-10268,2. derogation
sexism2022_english-6264,2. derogation
sexism2022_english-4119,2. derogation
sexism2022_english-15247,2. derogation
sexism2022_english-2790,3. animosity
sexism2022_english-18294,"1. threats, plans to harm and incitement"
sexism2022_english-16844,2. derogation
sexism2022_english-19404,3. animosity
sexism2022_english-16545,2. derogation
sexism2022_english-19501,2. derogation
sexism2022_english-7028,2. derogation
sexism2022_english-19907,2. derogation
sexism2022_english-13186,2. derogation
sexism2022_english-6808,2. derogation
sexism2022_english-5191,2. derogation
sexism2022_english-10538,3. animosity
sexism2022_english-12554,2. derogation
sexism2022_english-17889,4. prejudiced discussions
sexism2022_english-9809,"1. threats, plans to harm and incitement"
sexism2022_english-4156,2. derogation
sexism2022_english-8690,2. derogation
sexism2022_english-11041,3. animosity
sexism2022_english-13053,2. derogation
sexism2022_english-2411,2. derogation
sexism2022_english-11181,2. derogation
sexism2022_english-2524,2. derogation
sexism2022_english-12276,2. derogation
sexism2022_english-16881,"1. threats, plans to harm and incitement"
sexism2022_english-7647,2. derogation
sexism2022_english-10488,2. derogation
sexism2022_english-4605,2. derogation
sexism2022_english-8575,3. animosity
sexism2022_english-3755,2. derogation
sexism2022_english-12277,2. derogation
sexism2022_english-6906,3. animosity
sexism2022_english-1178,2. derogation
sexism2022_english-1958,2. derogation
sexism2022_english-1661,2. derogation
sexism2022_english-13369,3. animosity
sexism2022_english-19449,2. derogation
sexism2022_english-14366,2. derogation
sexism2022_english-9931,2. derogation
sexism2022_english-9907,2. derogation
sexism2022_english-18325,3. animosity
sexism2022_english-328,3. animosity
sexism2022_english-7019,3. animosity
sexism2022_english-874,4. prejudiced discussions
sexism2022_english-18249,3. animosity
sexism2022_english-146,4. prejudiced discussions
sexism2022_english-16697,2. derogation
sexism2022_english-19989,2. derogation
sexism2022_english-18922,2. derogation
sexism2022_english-14369,3. animosity
sexism2022_english-18057,3. animosity
sexism2022_english-6237,2. derogation
sexism2022_english-3208,2. derogation
sexism2022_english-1455,2. derogation
sexism2022_english-7972,2. derogation
sexism2022_english-5318,2. derogation
sexism2022_english-9561,2. derogation
sexism2022_english-13810,2. derogation
sexism2022_english-13808,4. prejudiced discussions
sexism2022_english-1611,2. derogation
sexism2022_english-16341,3. animosity
sexism2022_english-5023,2. derogation
sexism2022_english-19869,2. derogation
sexism2022_english-2831,4. prejudiced discussions
sexism2022_english-8995,2. derogation
sexism2022_english-19305,3. animosity
sexism2022_english-1665,2. derogation
sexism2022_english-8218,3. animosity
sexism2022_english-625,2. derogation
sexism2022_english-18808,2. derogation
sexism2022_english-10846,3. animosity
sexism2022_english-1749,2. derogation
sexism2022_english-14991,2. derogation
sexism2022_english-7118,4. prejudiced discussions
sexism2022_english-18058,3. animosity
sexism2022_english-8452,2. derogation
sexism2022_english-16478,2. derogation
sexism2022_english-19842,2. derogation
sexism2022_english-16667,2. derogation
sexism2022_english-5368,2. derogation
sexism2022_english-12588,2. derogation
sexism2022_english-5842,"1. threats, plans to harm and incitement"
sexism2022_english-17442,2. derogation
sexism2022_english-16890,3. animosity
sexism2022_english-7093,2. derogation
sexism2022_english-13767,3. animosity
sexism2022_english-6934,4. prejudiced discussions
sexism2022_english-11626,"1. threats, plans to harm and incitement"
sexism2022_english-9998,2. derogation
sexism2022_english-7239,"1. threats, plans to harm and incitement"
sexism2022_english-7937,2. derogation
sexism2022_english-8536,"1. threats, plans to harm and incitement"
sexism2022_english-17782,2. derogation
sexism2022_english-6369,4. prejudiced discussions
sexism2022_english-14511,"1. threats, plans to harm and incitement"
sexism2022_english-7153,2. derogation
sexism2022_english-2659,3. animosity
sexism2022_english-19218,2. derogation
sexism2022_english-7606,2. derogation
sexism2022_english-7438,3. animosity
sexism2022_english-1268,3. animosity
sexism2022_english-5669,3. animosity
sexism2022_english-10042,2. derogation
sexism2022_english-3180,2. derogation
sexism2022_english-19443,"1. threats, plans to harm and incitement"
sexism2022_english-2113,2. derogation
sexism2022_english-2223,3. animosity
sexism2022_english-6275,2. derogation
sexism2022_english-2490,2. derogation
sexism2022_english-19987,2. derogation
sexism2022_english-19824,2. derogation
sexism2022_english-5928,2. derogation
sexism2022_english-3950,3. animosity
sexism2022_english-9568,4. prejudiced discussions
sexism2022_english-9415,3. animosity
sexism2022_english-12336,2. derogation
sexism2022_english-17679,3. animosity
sexism2022_english-11284,2. derogation
sexism2022_english-9929,2. derogation
sexism2022_english-10229,2. derogation
sexism2022_english-6741,2. derogation
sexism2022_english-2915,3. animosity
sexism2022_english-4067,2. derogation
sexism2022_english-12264,2. derogation
sexism2022_english-15846,2. derogation
sexism2022_english-4494,"1. threats, plans to harm and incitement"
sexism2022_english-10623,3. animosity
sexism2022_english-8650,2. derogation
sexism2022_english-8427,3. animosity
sexism2022_english-2732,2. derogation
sexism2022_english-7005,3. animosity
sexism2022_english-7615,3. animosity
sexism2022_english-44,2. derogation
sexism2022_english-17346,"1. threats, plans to harm and incitement"
sexism2022_english-18636,2. derogation
sexism2022_english-14879,3. animosity
sexism2022_english-14061,2. derogation
sexism2022_english-14300,3. animosity
sexism2022_english-15046,4. prejudiced discussions
sexism2022_english-14409,2. derogation
sexism2022_english-11066,2. derogation
sexism2022_english-665,2. derogation
sexism2022_english-5599,3. animosity
sexism2022_english-16228,4. prejudiced discussions
sexism2022_english-1380,4. prejudiced discussions
sexism2022_english-194,3. animosity
sexism2022_english-5297,3. animosity
sexism2022_english-269,2. derogation
sexism2022_english-5354,2. derogation
sexism2022_english-638,3. animosity
sexism2022_english-15317,2. derogation
sexism2022_english-17052,"1. threats, plans to harm and incitement"
sexism2022_english-2476,4. prejudiced discussions
sexism2022_english-1313,2. derogation
sexism2022_english-19074,3. animosity
sexism2022_english-10748,2. derogation
sexism2022_english-5503,2. derogation
sexism2022_english-7314,2. derogation
sexism2022_english-12555,2. derogation
sexism2022_english-6629,2. derogation
sexism2022_english-14870,2. derogation
sexism2022_english-11346,3. animosity
sexism2022_english-17240,2. derogation
sexism2022_english-19891,2. derogation
sexism2022_english-17781,2. derogation
sexism2022_english-19554,2. derogation
sexism2022_english-8000,2. derogation
sexism2022_english-1398,2. derogation
sexism2022_english-7782,3. animosity
sexism2022_english-4813,"1. threats, plans to harm and incitement"
sexism2022_english-9427,2. derogation
sexism2022_english-11154,2. derogation
sexism2022_english-18577,2. derogation
sexism2022_english-8338,2. derogation
sexism2022_english-3962,2. derogation
sexism2022_english-6649,2. derogation
sexism2022_english-4006,2. derogation
sexism2022_english-16501,3. animosity
sexism2022_english-19616,3. animosity
sexism2022_english-2599,2. derogation
sexism2022_english-3702,2. derogation
sexism2022_english-6465,2. derogation
sexism2022_english-2862,2. derogation
sexism2022_english-18355,3. animosity
sexism2022_english-1914,3. animosity
sexism2022_english-12812,2. derogation
sexism2022_english-8672,2. derogation
sexism2022_english-3981,2. derogation
sexism2022_english-3310,2. derogation
sexism2022_english-9430,3. animosity
sexism2022_english-2761,2. derogation
sexism2022_english-23,3. animosity
sexism2022_english-13015,4. prejudiced discussions
sexism2022_english-3368,2. derogation
sexism2022_english-12423,2. derogation
sexism2022_english-17375,2. derogation
sexism2022_english-12169,3. animosity
sexism2022_english-5961,2. derogation
sexism2022_english-18784,2. derogation
sexism2022_english-2109,2. derogation
sexism2022_english-11301,3. animosity
sexism2022_english-8908,4. prejudiced discussions
sexism2022_english-9476,2. derogation
sexism2022_english-18024,"1. threats, plans to harm and incitement"
sexism2022_english-5649,2. derogation
sexism2022_english-9061,2. derogation
sexism2022_english-17956,2. derogation
sexism2022_english-17896,4. prejudiced discussions
sexism2022_english-19595,3. animosity
sexism2022_english-13694,2. derogation
sexism2022_english-12308,2. derogation
sexism2022_english-7161,3. animosity
sexism2022_english-17033,2. derogation
sexism2022_english-1763,4. prejudiced discussions
sexism2022_english-16875,4. prejudiced discussions
sexism2022_english-17796,2. derogation
sexism2022_english-15950,2. derogation
sexism2022_english-16997,2. derogation
sexism2022_english-6429,3. animosity
sexism2022_english-6418,2. derogation
sexism2022_english-14810,2. derogation
sexism2022_english-595,2. derogation
sexism2022_english-19343,2. derogation
sexism2022_english-2737,3. animosity
sexism2022_english-11843,"1. threats, plans to harm and incitement"
sexism2022_english-16821,2. derogation
sexism2022_english-19155,2. derogation
sexism2022_english-15245,3. animosity
sexism2022_english-10911,3. animosity
sexism2022_english-13582,2. derogation
sexism2022_english-14031,3. animosity
sexism2022_english-9946,2. derogation
sexism2022_english-14528,3. animosity
sexism2022_english-7938,2. derogation
sexism2022_english-10490,2. derogation
sexism2022_english-14428,2. derogation
sexism2022_english-318,2. derogation
sexism2022_english-13393,3. animosity
sexism2022_english-6255,2. derogation
sexism2022_english-5592,2. derogation
sexism2022_english-2876,2. derogation
sexism2022_english-1024,4. prejudiced discussions
sexism2022_english-2285,2. derogation
sexism2022_english-1844,3. animosity
sexism2022_english-10146,3. animosity
sexism2022_english-11872,3. animosity
sexism2022_english-504,2. derogation
sexism2022_english-19764,2. derogation
sexism2022_english-7968,2. derogation
sexism2022_english-1672,3. animosity
sexism2022_english-6450,3. animosity
sexism2022_english-3404,3. animosity
sexism2022_english-9041,3. animosity
sexism2022_english-17826,2. derogation
sexism2022_english-5121,2. derogation
sexism2022_english-9937,3. animosity
sexism2022_english-17288,2. derogation
sexism2022_english-9363,4. prejudiced discussions
sexism2022_english-2078,2. derogation
sexism2022_english-18011,2. derogation
sexism2022_english-4744,3. animosity
sexism2022_english-6401,2. derogation
sexism2022_english-8210,3. animosity
sexism2022_english-7317,3. animosity
sexism2022_english-3103,2. derogation
sexism2022_english-9511,3. animosity
sexism2022_english-13733,2. derogation
sexism2022_english-7704,2. derogation
sexism2022_english-2752,2. derogation
sexism2022_english-8462,3. animosity
sexism2022_english-7710,2. derogation
sexism2022_english-17075,3. animosity
sexism2022_english-14868,2. derogation
sexism2022_english-9984,2. derogation
sexism2022_english-14525,2. derogation
sexism2022_english-10969,2. derogation
sexism2022_english-10248,2. derogation
sexism2022_english-823,2. derogation
sexism2022_english-14269,2. derogation
sexism2022_english-12804,2. derogation
sexism2022_english-19239,4. prejudiced discussions
sexism2022_english-571,2. derogation
sexism2022_english-580,"1. threats, plans to harm and incitement"
sexism2022_english-2897,3. animosity
sexism2022_english-3586,2. derogation
sexism2022_english-15221,2. derogation
sexism2022_english-16740,2. derogation
sexism2022_english-14830,"1. threats, plans to harm and incitement"
sexism2022_english-12315,2. derogation
sexism2022_english-9152,3. animosity
sexism2022_english-19372,2. derogation
sexism2022_english-16129,3. animosity
sexism2022_english-19161,2. derogation
sexism2022_english-18231,2. derogation
sexism2022_english-863,3. animosity
sexism2022_english-7046,3. animosity
sexism2022_english-12218,2. derogation
sexism2022_english-11583,3. animosity
sexism2022_english-18386,2. derogation
sexism2022_english-12098,4. prejudiced discussions
sexism2022_english-14596,2. derogation
sexism2022_english-4981,2. derogation
sexism2022_english-4780,2. derogation
sexism2022_english-13364,2. derogation
sexism2022_english-11239,2. derogation
sexism2022_english-5341,3. animosity
sexism2022_english-18510,2. derogation
sexism2022_english-7072,3. animosity
sexism2022_english-15156,2. derogation
sexism2022_english-11296,"1. threats, plans to harm and incitement"
sexism2022_english-19953,2. derogation
sexism2022_english-19735,3. animosity
sexism2022_english-15665,2. derogation
sexism2022_english-9103,2. derogation
sexism2022_english-7708,2. derogation
sexism2022_english-15981,2. derogation
sexism2022_english-14204,3. animosity
sexism2022_english-735,2. derogation
sexism2022_english-17691,2. derogation
sexism2022_english-9199,2. derogation
sexism2022_english-9935,2. derogation
sexism2022_english-30,3. animosity
sexism2022_english-13597,2. derogation
sexism2022_english-12580,2. derogation
sexism2022_english-14519,2. derogation
sexism2022_english-17926,3. animosity
sexism2022_english-17170,2. derogation
sexism2022_english-18026,2. derogation
sexism2022_english-17641,2. derogation
sexism2022_english-14700,3. animosity
sexism2022_english-949,2. derogation
sexism2022_english-5453,2. derogation
sexism2022_english-5162,3. animosity
sexism2022_english-1381,2. derogation
sexism2022_english-3419,2. derogation
sexism2022_english-17059,2. derogation
sexism2022_english-14708,2. derogation
sexism2022_english-10304,2. derogation
sexism2022_english-5263,3. animosity
sexism2022_english-10934,2. derogation
sexism2022_english-12229,"1. threats, plans to harm and incitement"
sexism2022_english-5963,"1. threats, plans to harm and incitement"
sexism2022_english-7912,3. animosity
sexism2022_english-4829,2. derogation
sexism2022_english-10894,4. prejudiced discussions
sexism2022_english-11573,2. derogation
sexism2022_english-9440,3. animosity
sexism2022_english-5809,3. animosity
sexism2022_english-15829,2. derogation
sexism2022_english-4291,2. derogation
sexism2022_english-476,2. derogation
sexism2022_english-7226,2. derogation
sexism2022_english-1728,2. derogation
sexism2022_english-1917,2. derogation
sexism2022_english-3163,3. animosity
sexism2022_english-1395,2. derogation
sexism2022_english-18660,2. derogation
sexism2022_english-1814,2. derogation
sexism2022_english-18654,3. animosity
sexism2022_english-1588,2. derogation
sexism2022_english-13599,2. derogation
sexism2022_english-14770,3. animosity
sexism2022_english-427,2. derogation
sexism2022_english-16848,3. animosity
sexism2022_english-4108,2. derogation
sexism2022_english-11136,3. animosity
sexism2022_english-14051,2. derogation
sexism2022_english-415,2. derogation
sexism2022_english-13280,2. derogation
sexism2022_english-18187,2. derogation
sexism2022_english-12107,2. derogation
sexism2022_english-11613,3. animosity
sexism2022_english-17071,3. animosity
sexism2022_english-1904,2. derogation
sexism2022_english-7888,3. animosity
sexism2022_english-3788,4. prejudiced discussions
sexism2022_english-16835,3. animosity
sexism2022_english-10386,3. animosity
sexism2022_english-7455,"1. threats, plans to harm and incitement"
sexism2022_english-18481,2. derogation
sexism2022_english-7103,2. derogation
sexism2022_english-8409,2. derogation
sexism2022_english-19966,4. prejudiced discussions
sexism2022_english-1205,2. derogation
sexism2022_english-9648,4. prejudiced discussions
sexism2022_english-15305,2. derogation
sexism2022_english-17168,"1. threats, plans to harm and incitement"
sexism2022_english-16987,2. derogation
sexism2022_english-11192,2. derogation
sexism2022_english-1296,2. derogation
sexism2022_english-7440,2. derogation
sexism2022_english-783,2. derogation
sexism2022_english-17358,2. derogation
sexism2022_english-14871,3. animosity
sexism2022_english-10379,2. derogation
sexism2022_english-13702,2. derogation
sexism2022_english-10735,2. derogation
sexism2022_english-11579,2. derogation
sexism2022_english-4456,2. derogation
sexism2022_english-9044,"1. threats, plans to harm and incitement"
sexism2022_english-18705,"1. threats, plans to harm and incitement"
sexism2022_english-9850,2. derogation
sexism2022_english-15575,2. derogation
sexism2022_english-6439,3. animosity
sexism2022_english-17974,3. animosity
sexism2022_english-13793,2. derogation
sexism2022_english-5972,2. derogation
sexism2022_english-16735,2. derogation
sexism2022_english-9033,3. animosity
sexism2022_english-10581,2. derogation
sexism2022_english-2738,"1. threats, plans to harm and incitement"
sexism2022_english-8286,4. prejudiced discussions
sexism2022_english-2590,2. derogation
sexism2022_english-15781,2. derogation
sexism2022_english-16152,2. derogation
sexism2022_english-6204,3. animosity
sexism2022_english-14909,3. animosity
sexism2022_english-14270,2. derogation
sexism2022_english-18136,3. animosity
sexism2022_english-13836,3. animosity
sexism2022_english-6060,2. derogation
sexism2022_english-8907,3. animosity
sexism2022_english-14775,3. animosity
sexism2022_english-7096,2. derogation
sexism2022_english-7719,2. derogation
sexism2022_english-16668,2. derogation
sexism2022_english-8074,2. derogation
sexism2022_english-6743,2. derogation
sexism2022_english-8344,2. derogation
sexism2022_english-9030,2. derogation
sexism2022_english-5994,4. prejudiced discussions
sexism2022_english-12467,2. derogation
sexism2022_english-12784,2. derogation
sexism2022_english-1932,4. prejudiced discussions
sexism2022_english-15753,2. derogation
sexism2022_english-17100,2. derogation
sexism2022_english-14143,2. derogation
sexism2022_english-14904,3. animosity
sexism2022_english-3392,3. animosity
sexism2022_english-3906,4. prejudiced discussions
sexism2022_english-16073,"1. threats, plans to harm and incitement"
sexism2022_english-4167,3. animosity
sexism2022_english-16255,3. animosity
sexism2022_english-7675,4. prejudiced discussions
sexism2022_english-17017,3. animosity
sexism2022_english-3865,3. animosity
sexism2022_english-18715,3. animosity
sexism2022_english-7934,3. animosity
sexism2022_english-13587,4. prejudiced discussions
sexism2022_english-9072,3. animosity
sexism2022_english-959,3. animosity
sexism2022_english-7424,3. animosity
sexism2022_english-13212,2. derogation
sexism2022_english-4668,3. animosity
sexism2022_english-8225,4. prejudiced discussions
sexism2022_english-8261,2. derogation
sexism2022_english-15960,2. derogation
sexism2022_english-12476,3. animosity
sexism2022_english-4781,2. derogation
sexism2022_english-16183,2. derogation
sexism2022_english-19576,2. derogation
sexism2022_english-16769,2. derogation
sexism2022_english-455,2. derogation
sexism2022_english-17730,2. derogation
sexism2022_english-8892,4. prejudiced discussions
sexism2022_english-2120,3. animosity
sexism2022_english-614,2. derogation
sexism2022_english-18346,3. animosity
sexism2022_english-12267,2. derogation
sexism2022_english-5790,2. derogation
sexism2022_english-11075,2. derogation
sexism2022_english-395,3. animosity
sexism2022_english-9882,2. derogation
sexism2022_english-18280,2. derogation
sexism2022_english-15178,2. derogation
sexism2022_english-1370,2. derogation
sexism2022_english-4661,"1. threats, plans to harm and incitement"
sexism2022_english-16193,4. prejudiced discussions
sexism2022_english-3393,2. derogation
sexism2022_english-13224,3. animosity
sexism2022_english-19395,2. derogation
sexism2022_english-3170,4. prejudiced discussions
sexism2022_english-12508,2. derogation
sexism2022_english-2621,"1. threats, plans to harm and incitement"
sexism2022_english-9084,2. derogation
sexism2022_english-4193,2. derogation
sexism2022_english-12679,4. prejudiced discussions
sexism2022_english-10938,3. animosity
sexism2022_english-3630,2. derogation
sexism2022_english-6096,3. animosity
sexism2022_english-17739,2. derogation
sexism2022_english-11844,"1. threats, plans to harm and incitement"
sexism2022_english-6442,3. animosity
sexism2022_english-19413,2. derogation
sexism2022_english-16100,4. prejudiced discussions
sexism2022_english-17227,4. prejudiced discussions
sexism2022_english-15742,2. derogation
sexism2022_english-19591,2. derogation
sexism2022_english-3263,3. animosity
sexism2022_english-6846,2. derogation
sexism2022_english-67,2. derogation
sexism2022_english-12521,2. derogation
sexism2022_english-11119,2. derogation
sexism2022_english-10921,2. derogation
sexism2022_english-15192,2. derogation
sexism2022_english-2650,2. derogation
sexism2022_english-3216,2. derogation
sexism2022_english-17021,2. derogation
sexism2022_english-2389,2. derogation
sexism2022_english-13215,2. derogation
sexism2022_english-11979,2. derogation
sexism2022_english-8375,2. derogation
sexism2022_english-11763,2. derogation
sexism2022_english-909,2. derogation
sexism2022_english-12388,"1. threats, plans to harm and incitement"
sexism2022_english-19322,3. animosity
sexism2022_english-11638,3. animosity
sexism2022_english-17942,3. animosity
sexism2022_english-10350,2. derogation
sexism2022_english-17459,2. derogation
sexism2022_english-311,"1. threats, plans to harm and incitement"
sexism2022_english-11822,2. derogation
sexism2022_english-2011,4. prejudiced discussions
sexism2022_english-375,3. animosity
sexism2022_english-11170,2. derogation
sexism2022_english-7561,3. animosity
sexism2022_english-19583,3. animosity
sexism2022_english-19048,2. derogation
sexism2022_english-1149,3. animosity
sexism2022_english-17101,2. derogation
sexism2022_english-14197,2. derogation
sexism2022_english-7873,3. animosity
sexism2022_english-11845,4. prejudiced discussions
sexism2022_english-7902,3. animosity
sexism2022_english-86,2. derogation
sexism2022_english-15343,2. derogation
sexism2022_english-404,4. prejudiced discussions
sexism2022_english-6336,"1. threats, plans to harm and incitement"
sexism2022_english-6693,2. derogation
sexism2022_english-15616,3. animosity
sexism2022_english-1110,2. derogation
sexism2022_english-5945,2. derogation
sexism2022_english-16758,3. animosity
sexism2022_english-16219,3. animosity
sexism2022_english-7803,"1. threats, plans to harm and incitement"
sexism2022_english-3523,"1. threats, plans to harm and incitement"
sexism2022_english-1839,4. prejudiced discussions
sexism2022_english-3431,2. derogation
sexism2022_english-2392,2. derogation
sexism2022_english-13560,2. derogation
sexism2022_english-2088,3. animosity
sexism2022_english-13913,3. animosity
sexism2022_english-12867,2. derogation
sexism2022_english-11395,3. animosity
sexism2022_english-10990,2. derogation
sexism2022_english-4081,"1. threats, plans to harm and incitement"
sexism2022_english-19973,2. derogation
sexism2022_english-7111,3. animosity
sexism2022_english-11165,2. derogation
sexism2022_english-6761,2. derogation
sexism2022_english-19029,2. derogation
sexism2022_english-14147,2. derogation
sexism2022_english-4575,2. derogation
sexism2022_english-13518,2. derogation
sexism2022_english-19892,2. derogation
sexism2022_english-106,"1. threats, plans to harm and incitement"
sexism2022_english-13725,2. derogation
sexism2022_english-18100,"1. threats, plans to harm and incitement"
sexism2022_english-7190,3. animosity
sexism2022_english-5747,2. derogation
sexism2022_english-3476,2. derogation
sexism2022_english-12996,2. derogation
sexism2022_english-12565,4. prejudiced discussions
sexism2022_english-5965,3. animosity
sexism2022_english-11038,2. derogation
sexism2022_english-15986,2. derogation
sexism2022_english-16274,3. animosity
sexism2022_english-11559,2. derogation
sexism2022_english-8288,3. animosity
sexism2022_english-17997,2. derogation
sexism2022_english-1435,2. derogation
sexism2022_english-13469,3. animosity
sexism2022_english-1211,2. derogation
sexism2022_english-16757,3. animosity
sexism2022_english-16025,4. prejudiced discussions
sexism2022_english-5375,3. animosity
sexism2022_english-11886,2. derogation
sexism2022_english-11254,2. derogation
sexism2022_english-766,2. derogation
sexism2022_english-4718,"1. threats, plans to harm and incitement"
sexism2022_english-6480,3. animosity
sexism2022_english-12897,2. derogation
sexism2022_english-4217,2. derogation
sexism2022_english-15456,4. prejudiced discussions
sexism2022_english-18126,2. derogation
sexism2022_english-17418,2. derogation
sexism2022_english-13979,2. derogation
sexism2022_english-12211,2. derogation
sexism2022_english-4162,3. animosity
sexism2022_english-16340,"1. threats, plans to harm and incitement"
sexism2022_english-13047,3. animosity
sexism2022_english-18300,2. derogation
sexism2022_english-6843,3. animosity
sexism2022_english-10573,2. derogation
sexism2022_english-2667,2. derogation
sexism2022_english-8112,"1. threats, plans to harm and incitement"
sexism2022_english-8878,2. derogation
sexism2022_english-14567,2. derogation
sexism2022_english-7984,3. animosity
sexism2022_english-9149,2. derogation
sexism2022_english-6755,2. derogation
sexism2022_english-17073,2. derogation
sexism2022_english-5551,3. animosity
sexism2022_english-5072,3. animosity
sexism2022_english-17801,2. derogation
sexism2022_english-17036,4. prejudiced discussions
sexism2022_english-11761,2. derogation
sexism2022_english-16781,2. derogation
sexism2022_english-10231,2. derogation
sexism2022_english-5579,2. derogation
sexism2022_english-11241,2. derogation
sexism2022_english-5925,3. animosity
sexism2022_english-5145,2. derogation
sexism2022_english-14711,3. animosity
sexism2022_english-16099,2. derogation
sexism2022_english-14217,2. derogation
sexism2022_english-5384,2. derogation
sexism2022_english-3186,"1. threats, plans to harm and incitement"
sexism2022_english-10028,2. derogation
sexism2022_english-1420,2. derogation
sexism2022_english-7860,4. prejudiced discussions
sexism2022_english-1134,2. derogation
sexism2022_english-14593,2. derogation
sexism2022_english-14057,2. derogation
sexism2022_english-13150,3. animosity
sexism2022_english-18441,"1. threats, plans to harm and incitement"
sexism2022_english-679,2. derogation
sexism2022_english-4537,3. animosity
sexism2022_english-5787,2. derogation
sexism2022_english-10263,2. derogation
sexism2022_english-8691,2. derogation
sexism2022_english-10880,3. animosity
sexism2022_english-2798,2. derogation
sexism2022_english-4055,2. derogation
sexism2022_english-12207,2. derogation
sexism2022_english-11744,3. animosity
sexism2022_english-16448,4. prejudiced discussions
sexism2022_english-14219,2. derogation
sexism2022_english-16956,2. derogation
sexism2022_english-14900,3. animosity
sexism2022_english-1907,2. derogation
sexism2022_english-3830,2. derogation
sexism2022_english-12576,2. derogation
sexism2022_english-14500,4. prejudiced discussions
sexism2022_english-9435,3. animosity
sexism2022_english-14648,4. prejudiced discussions
sexism2022_english-11408,2. derogation
sexism2022_english-16397,2. derogation
sexism2022_english-15103,2. derogation
sexism2022_english-829,2. derogation
sexism2022_english-8188,2. derogation
sexism2022_english-8221,2. derogation
sexism2022_english-15020,3. animosity
sexism2022_english-15474,"1. threats, plans to harm and incitement"
sexism2022_english-15582,3. animosity
sexism2022_english-14943,2. derogation
sexism2022_english-389,2. derogation
sexism2022_english-10330,3. animosity
sexism2022_english-16826,4. prejudiced discussions
sexism2022_english-11121,2. derogation
sexism2022_english-13940,2. derogation
sexism2022_english-11149,3. animosity
sexism2022_english-4639,3. animosity
sexism2022_english-12534,3. animosity
sexism2022_english-4069,2. derogation
sexism2022_english-6198,2. derogation
sexism2022_english-17,2. derogation
sexism2022_english-1196,2. derogation
sexism2022_english-10465,2. derogation
sexism2022_english-3587,3. animosity
sexism2022_english-7642,"1. threats, plans to harm and incitement"
sexism2022_english-1096,2. derogation
sexism2022_english-5424,4. prejudiced discussions
sexism2022_english-4950,3. animosity
sexism2022_english-5361,2. derogation
sexism2022_english-4370,"1. threats, plans to harm and incitement"
sexism2022_english-5827,3. animosity
sexism2022_english-5867,3. animosity
sexism2022_english-808,2. derogation
sexism2022_english-17616,2. derogation
sexism2022_english-8078,2. derogation
sexism2022_english-6795,2. derogation
sexism2022_english-8197,2. derogation
sexism2022_english-13101,3. animosity
sexism2022_english-1823,3. animosity
sexism2022_english-12260,2. derogation
sexism2022_english-9477,3. animosity
sexism2022_english-18062,3. animosity
sexism2022_english-18919,"1. threats, plans to harm and incitement"
sexism2022_english-9124,2. derogation
sexism2022_english-19330,3. animosity
sexism2022_english-8237,2. derogation
sexism2022_english-14067,2. derogation
sexism2022_english-19888,2. derogation
sexism2022_english-19778,2. derogation
sexism2022_english-4608,3. animosity
sexism2022_english-15540,2. derogation
sexism2022_english-262,3. animosity
sexism2022_english-13255,3. animosity
sexism2022_english-3500,3. animosity
sexism2022_english-19056,3. animosity
sexism2022_english-4053,2. derogation
sexism2022_english-9291,2. derogation
sexism2022_english-1854,"1. threats, plans to harm and incitement"
sexism2022_english-19131,2. derogation
sexism2022_english-17108,3. animosity
sexism2022_english-90,2. derogation
sexism2022_english-19203,2. derogation
sexism2022_english-767,3. animosity
sexism2022_english-10112,2. derogation
sexism2022_english-10516,2. derogation
sexism2022_english-19018,2. derogation
sexism2022_english-3443,2. derogation
sexism2022_english-10026,3. animosity
sexism2022_english-10203,3. animosity
sexism2022_english-5676,2. derogation
sexism2022_english-1351,2. derogation
sexism2022_english-2317,"1. threats, plans to harm and incitement"
sexism2022_english-12700,4. prejudiced discussions
sexism2022_english-6874,2. derogation
sexism2022_english-18709,2. derogation
sexism2022_english-19890,2. derogation
sexism2022_english-18213,2. derogation
sexism2022_english-8384,3. animosity
sexism2022_english-2882,3. animosity
sexism2022_english-6980,2. derogation
sexism2022_english-9303,2. derogation
sexism2022_english-2413,2. derogation
sexism2022_english-5214,2. derogation
sexism2022_english-4758,2. derogation
sexism2022_english-16174,2. derogation
sexism2022_english-1520,3. animosity
sexism2022_english-14758,3. animosity
sexism2022_english-14232,2. derogation
sexism2022_english-2110,2. derogation
sexism2022_english-8091,2. derogation
sexism2022_english-13460,3. animosity
sexism2022_english-4921,4. prejudiced discussions
sexism2022_english-16217,4. prejudiced discussions
sexism2022_english-2940,4. prejudiced discussions
sexism2022_english-9254,4. prejudiced discussions
sexism2022_english-11529,2. derogation
sexism2022_english-8439,2. derogation
sexism2022_english-16292,2. derogation
sexism2022_english-6250,2. derogation
sexism2022_english-6804,4. prejudiced discussions
sexism2022_english-1664,2. derogation
sexism2022_english-15286,2. derogation
sexism2022_english-13042,2. derogation
sexism2022_english-19911,3. animosity
sexism2022_english-78,2. derogation
sexism2022_english-18247,3. animosity
sexism2022_english-16493,2. derogation
sexism2022_english-19211,2. derogation
sexism2022_english-8889,2. derogation
sexism2022_english-8034,2. derogation
sexism2022_english-8926,"1. threats, plans to harm and incitement"
sexism2022_english-16414,2. derogation
sexism2022_english-12245,2. derogation
sexism2022_english-7490,2. derogation
sexism2022_english-19308,3. animosity
sexism2022_english-18066,2. derogation
sexism2022_english-4656,2. derogation
sexism2022_english-1506,4. prejudiced discussions
sexism2022_english-9087,"1. threats, plans to harm and incitement"
sexism2022_english-13693,2. derogation
sexism2022_english-9513,3. animosity
sexism2022_english-11340,2. derogation
sexism2022_english-14211,2. derogation
sexism2022_english-19257,3. animosity
sexism2022_english-4204,2. derogation
sexism2022_english-17649,2. derogation
sexism2022_english-289,2. derogation
sexism2022_english-7682,2. derogation
sexism2022_english-3734,"1. threats, plans to harm and incitement"
sexism2022_english-9026,4. prejudiced discussions
sexism2022_english-8739,2. derogation
sexism2022_english-12768,2. derogation
sexism2022_english-14372,2. derogation
sexism2022_english-1667,2. derogation
sexism2022_english-13368,3. animosity
sexism2022_english-19470,2. derogation
sexism2022_english-8398,2. derogation
sexism2022_english-13099,2. derogation
sexism2022_english-14044,3. animosity
sexism2022_english-16079,3. animosity
sexism2022_english-7362,2. derogation
sexism2022_english-9692,2. derogation
sexism2022_english-7003,4. prejudiced discussions
sexism2022_english-17647,2. derogation
sexism2022_english-19925,2. derogation
sexism2022_english-11619,2. derogation
sexism2022_english-6090,2. derogation
sexism2022_english-1835,4. prejudiced discussions
sexism2022_english-16603,"1. threats, plans to harm and incitement"
sexism2022_english-4184,2. derogation
sexism2022_english-17565,2. derogation
sexism2022_english-12799,3. animosity
sexism2022_english-5209,3. animosity
sexism2022_english-6057,2. derogation
sexism2022_english-12255,2. derogation
sexism2022_english-8150,3. animosity
sexism2022_english-7620,3. animosity
sexism2022_english-11609,3. animosity
sexism2022_english-8503,2. derogation
sexism2022_english-1869,2. derogation
sexism2022_english-17440,2. derogation
sexism2022_english-16803,2. derogation
sexism2022_english-7549,2. derogation
sexism2022_english-11071,2. derogation
sexism2022_english-10728,4. prejudiced discussions
sexism2022_english-16610,2. derogation
sexism2022_english-8491,2. derogation
sexism2022_english-16578,3. animosity
sexism2022_english-1482,2. derogation
sexism2022_english-8318,2. derogation
sexism2022_english-9615,2. derogation
sexism2022_english-2889,2. derogation
sexism2022_english-12163,2. derogation
sexism2022_english-7977,3. animosity
sexism2022_english-12170,2. derogation
sexism2022_english-11015,3. animosity
sexism2022_english-12093,2. derogation
sexism2022_english-7851,2. derogation
sexism2022_english-6361,2. derogation
sexism2022_english-6304,2. derogation
sexism2022_english-7820,2. derogation
sexism2022_english-17991,2. derogation
sexism2022_english-2818,3. animosity
sexism2022_english-17158,2. derogation
sexism2022_english-9684,2. derogation
sexism2022_english-9116,2. derogation
sexism2022_english-1069,3. animosity
sexism2022_english-13625,3. animosity
sexism2022_english-17469,2. derogation
sexism2022_english-5977,2. derogation
sexism2022_english-17780,"1. threats, plans to harm and incitement"
sexism2022_english-647,2. derogation
sexism2022_english-9177,2. derogation
sexism2022_english-14094,2. derogation
sexism2022_english-11692,4. prejudiced discussions
sexism2022_english-11496,"1. threats, plans to harm and incitement"
sexism2022_english-5886,3. animosity
sexism2022_english-15108,2. derogation
sexism2022_english-9403,2. derogation
sexism2022_english-10456,3. animosity
sexism2022_english-368,3. animosity
sexism2022_english-8351,2. derogation
sexism2022_english-11231,2. derogation
sexism2022_english-18016,3. animosity
sexism2022_english-15918,3. animosity
sexism2022_english-15899,2. derogation
sexism2022_english-15081,3. animosity
sexism2022_english-8979,3. animosity
sexism2022_english-6880,2. derogation
sexism2022_english-7036,4. prejudiced discussions
sexism2022_english-12075,2. derogation
sexism2022_english-1131,2. derogation
sexism2022_english-9258,3. animosity
sexism2022_english-17117,2. derogation
sexism2022_english-19601,2. derogation
sexism2022_english-919,2. derogation
sexism2022_english-8914,4. prejudiced discussions
sexism2022_english-9599,3. animosity
sexism2022_english-18558,2. derogation
sexism2022_english-6974,2. derogation
sexism2022_english-460,2. derogation
sexism2022_english-11498,2. derogation
sexism2022_english-820,2. derogation
sexism2022_english-3646,2. derogation
sexism2022_english-14974,2. derogation
sexism2022_english-12295,2. derogation
sexism2022_english-15150,2. derogation
sexism2022_english-14605,2. derogation
sexism2022_english-7026,2. derogation
sexism2022_english-18814,2. derogation
sexism2022_english-13241,2. derogation
sexism2022_english-740,2. derogation
sexism2022_english-12458,2. derogation
sexism2022_english-2550,2. derogation
sexism2022_english-9926,2. derogation
sexism2022_english-16056,2. derogation
sexism2022_english-19579,2. derogation
sexism2022_english-4250,2. derogation
sexism2022_english-18230,3. animosity
sexism2022_english-17935,2. derogation
sexism2022_english-19272,2. derogation
sexism2022_english-4416,3. animosity
sexism2022_english-18444,2. derogation
sexism2022_english-2617,2. derogation
sexism2022_english-18744,2. derogation
sexism2022_english-15798,2. derogation
sexism2022_english-2318,2. derogation
